speed,taste,service,label
-0.007433536,0.687270059,0.849080857,G
0.170950474,0.975357153,0.768048183,G
0.336472918,0.865996971,0.654763808,G
0.266112443,0.799329242,0.90689751,G
0.303280574,0.57800932,0.842365586,G
0.229391683,0.57799726,0.58130847,G
0.246138282,0.529041806,0.955463592,G
0.324597826,0.933088073,0.911268621,G
0.024834004,0.800557506,0.974899957,G
0.144712482,0.854036289,0.862859754,G
0.010604721,0.510292247,0.806707598,G
0.393834004,0.984954926,0.709121518,G
0.37202967,0.91622132,0.966364242,G
-0.080286594,0.606169555,0.933031945,G
0.252787586,0.590912484,0.522609335,G
0.362624159,0.591702255,0.513183487,G
-0.009712327,0.652121121,0.688231683,G
0.183972615,0.762378216,0.905276665,G
0.357744149,0.715972509,0.993638065,G
-0.083027011,0.64561457,0.575208446,G
0.248710134,0.805926447,0.797065358,G
0.048674504,0.56974693,0.690445428,G
0.362198098,0.646072324,0.984957199,G
0.385529123,0.683180922,0.921059462,G
0.372133245,0.728034992,0.919164352,G
0.137107108,0.892587981,0.73434658,G
0.331021325,0.599836891,0.707409751,G
0.322274699,0.757117219,0.636703536,G
0.059550237,0.796207284,0.528187748,G
0.314457737,0.523225206,0.932361188,G
-0.081496183,0.803772426,0.906450505,G
0.198134939,0.585262062,0.999858837,G
0.015004419,0.532525796,0.998318419,G
-0.039716557,0.974442769,0.777715853,G
-0.061523399,0.982816017,0.884493708,G
0.248144388,0.904198674,0.972382865,G
0.069937482,0.652306885,0.924823695,G
0.262383386,0.548836057,0.623674051,G
-0.06732183,0.842116513,0.725272068,G
0.057645169,0.720076247,0.564579708,G
0.169745646,0.561019117,0.977025514,G
0.295361582,0.747588455,0.803087317,G
0.059376251,0.517194261,0.614321403,G
0.212945688,0.954660201,0.835850342,G
0.342988874,0.629389991,0.80906412,G
0.207931594,0.831261142,0.679081359,G
0.016479737,0.655855538,0.556778796,G
-0.087799609,0.760034011,0.835786598,G
0.335049437,0.77335514,0.76015385,G
-0.089365295,0.592427228,0.886159196,G
0.337350836,0.984792314,0.760081751,G
0.164468567,0.887566412,0.92609075,G
0.369533849,0.969749471,0.775953419,G
0.299391618,0.947413675,0.780468986,G
0.398967055,0.798949989,0.938326801,G
0.075355908,0.960937118,0.701741433,G
0.283594144,0.544246251,0.567007614,G
0.100965457,0.597991431,0.514391338,G
0.13993781,0.522613644,0.877568628,G
0.213752732,0.662665165,0.810154776,G
0.336838557,0.694338645,0.852039884,G
0.392041735,0.635674516,0.606482081,G
0.284136707,0.914368755,0.568185738,G
0.108883391,0.678376663,0.507272333,G
0.110678501,0.640467255,0.675293779,G
0.268791151,0.771348042,0.794958843,G
0.019388573,0.570462112,0.696122023,G
-0.044762943,0.90109849,0.718737461,G
0.077311079,0.537275322,0.952079347,G
0.043619496,0.993443468,0.674127734,G
0.04815406,0.886122385,0.756994745,G
0.016803876,0.599357841,0.891826506,G
-0.078953405,0.502761059,0.698271391,G
-0.091063033,0.907730714,0.81104335,G
0.393861195,0.853428672,0.931181854,G
0.113886567,0.864503584,0.974760312,G
0.092163324,0.885635173,0.57353674,G
0.239823641,0.537022326,0.963293813,G
0.009126944,0.679232864,0.746058147,G
0.374980592,0.55793453,0.629122194,G
0.293172507,0.931551713,0.729567878,G
-0.055294499,0.811649063,0.990016288,G
0.108790388,0.665449012,0.746309047,G
0.339559154,0.531779175,0.664375805,G
0.372366011,0.655491161,0.816700427,G
0.133700756,0.662591661,0.620072809,G
0.206705695,0.864803089,0.537931664,G
-0.016483027,0.818778736,0.564439861,G
0.395584313,0.943606371,0.564022919,G
0.015835851,0.736107463,0.575951347,G
0.371365887,0.559797123,0.569413586,G
0.224823324,0.856622394,0.820437372,G
0.203868397,0.880392524,0.590940042,G
0.156344256,0.780638599,0.672833642,G
0.015334906,0.88548359,0.948394205,G
-0.011735984,0.746897798,0.73698082,G
0.010243105,0.761366415,0.833778869,G
-0.006780869,0.713770509,0.586159936,G
0.289792237,0.512709563,0.596144509,G
0.07506263,0.553945713,0.520434308,G
-0.071078662,0.515714593,0.584467532,G
0.384551315,0.818205206,0.63929517,G
0.341892942,0.657177991,0.588505242,G
0.363876142,0.754285346,0.544351267,G
0.397453911,0.953783237,0.560317936,G
-0.013052375,0.624646115,0.730389384,G
0.098121009,0.705191462,0.603166859,G
0.279119238,0.877775569,0.682134931,G
0.248010309,0.614399083,0.751708635,G
-0.023052047,0.538489955,0.845197414,G
0.307916562,0.644875726,0.51965607,G
0.012220286,0.580610644,0.899705199,G
0.011908807,0.964848826,0.813950195,G
0.168487211,0.90406019,0.540879516,G
0.196469967,0.816701878,0.936789312,G
0.190043104,0.935730295,0.9604362,G
-0.054256581,0.901836038,0.53053898,G
0.338730431,0.593285029,0.638438824,G
0.032800021,0.946279499,0.90310064,G
-0.035242539,0.769671121,0.874129845,G
0.34437404,0.903720078,0.59226051,G
0.377825749,0.94804565,0.604674662,G
0.331063809,0.659001737,0.685236051,G
0.304758037,0.555025962,0.742261493,G
0.22762099,0.613967581,0.809127386,G
0.175428685,0.713553894,0.68445682,G
-0.05650662,0.909007383,0.731267358,G
0.104226607,0.930365292,0.873735469,G
0.086344259,0.503476065,0.518341601,G
0.029876892,0.755373651,0.626218472,G
0.261710057,0.708705502,0.856674793,G
0.147937868,0.611053905,0.947603419,G
-0.059476892,0.559932684,0.755838721,G
0.010091601,0.668807586,0.766056743,G
0.241629382,0.971454852,0.553586006,G
-0.06193457,0.661601466,0.723706183,G
0.325603457,0.759395311,0.766308633,G
0.147573264,0.851509479,0.621235252,G
0.140293289,0.681814801,0.634621615,G
0.196203892,0.985891041,0.688642082,G
0.312340483,0.981223647,0.510035599,G
0.073904604,0.625891148,0.661039583,G
0.239008076,0.748624253,0.605724003,G
0.182865982,0.650439155,0.663748676,G
0.033514135,0.642420247,0.559881066,G
0.339314993,0.518443474,0.94526364,G
0.298713011,0.804782167,0.796796227,G
0.229225917,0.751339512,0.83955116,G
0.325290865,0.525739376,0.894585619,G
0.3336471,0.639323232,0.749221099,G
0.254181488,0.954132943,0.543460144,G
0.318506664,0.619780945,0.768553271,G
0.248735731,0.572447436,0.793420559,G
0.240070386,0.74472638,0.872719737,G
0.209305689,0.992825227,0.715829773,G
0.27635832,0.621027636,0.563790151,G
-0.020697447,0.836067774,0.641887953,G
0.34043538,0.880809808,0.681541148,G
0.335921764,0.618818772,0.822958621,G
-0.085376358,0.864108174,0.785389152,G
0.312908375,0.683891566,0.678048363,G
-0.035565066,0.816152915,0.993257624,G
0.067559427,0.816764855,0.80288741,G
0.271754128,0.767887342,0.618613396,G
-0.019620052,0.545144885,0.550891236,G
0.308983512,0.917651248,0.57642957,G
0.316067089,0.660390032,0.622978864,G
0.153733867,0.593259255,0.580340687,G
-0.096807064,0.520387571,0.593283512,G
0.043519067,0.795446472,0.642547584,G
0.208463459,0.838782181,0.586686798,G
0.390593089,0.508293914,0.948382712,G
0.215906764,0.756046529,0.540116873,G
0.029901791,0.613247888,0.762255695,G
0.217002852,0.822586395,0.705198413,G
0.16999269,0.587183215,0.991189308,G
0.289922698,0.845468869,0.556019451,G
-0.046509681,0.693367673,0.6989278,G
0.280513951,0.968364994,0.984735217,G
0.170633289,0.568760472,0.932753563,G
0.381496002,0.670533176,0.908536035,G
0.070936083,0.556736761,0.628951414,G
0.216310947,0.962346809,0.585443794,G
0.366014053,0.938669677,0.83432161,G
-0.048745136,0.628970814,0.964687995,G
0.368614244,0.829992023,0.778381447,G
0.243942861,0.9086111,0.785806345,G
-0.06608147,0.777600406,0.639989547,G
0.050481783,0.764825289,0.884746467,G
0.254086044,0.620926145,0.593521874,G
-0.066324699,0.546551384,0.661839618,G
0.19108523,0.948607879,0.712718219,G
0.072941528,0.950209029,0.753805189,G
0.210457759,0.816550729,0.621204866,G
-0.077128983,0.669514896,0.557418412,G
0.335768403,0.674604787,0.805310021,G
0.386744485,0.862977839,0.644315277,G
0.384438928,0.94855513,0.790619111,G
0.274825916,0.943543212,0.577181358,G
-0.03495688,0.889937773,0.740570051,G
0.279131598,0.821015823,0.766294716,G
-0.087706542,0.542069982,0.525911768,G
-0.088938224,0.580814357,0.668302139,G
0.06180511,0.949277094,0.567207338,G
0.144321595,0.80321453,0.531687485,G
0.285203709,0.504598526,0.994980116,G
0.241647688,0.550735771,0.661176922,G
0.122951353,0.831750885,0.904937223,G
0.036813333,0.502530792,0.627320327,G
0.39856225,0.580404026,0.840751361,G
0.113090651,0.774366895,0.88011393,G
0.125693512,0.845947599,0.79781937,G
-0.018188089,0.82598063,0.735788094,G
0.297404774,0.612134655,0.705920457,G
0.246841113,0.856089611,0.674434133,G
0.010384806,0.618624544,0.964764572,G
-0.058809477,0.662699849,0.915309704,G
0.240249651,0.873245703,0.982513455,G
0.227255607,0.82481645,0.562148612,G
0.036629763,0.924611705,0.865433738,G
0.375431781,0.828806446,0.969170228,G
-0.024471054,0.784154302,0.590616533,G
0.116167401,0.546837384,0.533248134,G
0.37180796,0.683857902,0.870560325,G
0.109863658,0.632601184,0.787236557,G
0.219262974,0.621994822,0.920914388,G
0.098797199,0.986505277,0.569886188,G
0.037107601,0.696548862,0.897633656,G
0.391988824,0.946023278,0.60081366,G
0.104667003,0.815569313,0.581827971,G
0.347049602,0.897405652,0.582132899,G
0.014977303,0.751318547,0.90728736,G
0.006552352,0.788451942,0.83259861,G
-0.084432959,0.746258847,0.761532712,G
0.225833413,0.597621494,0.679415242,G
0.084263172,0.861226058,0.93860027,G
0.332179125,0.640386181,0.696222554,G
0.136604953,0.512157983,0.90829972,G
0.384096714,0.822736148,0.719567454,G
-0.007237242,0.58855534,0.688472215,G
0.334311584,0.970229292,0.731339893,G
0.288298426,0.976964289,0.650688937,G
0.285460922,0.957432195,0.87380469,G
0.322391614,0.68507935,0.751360195,G
0.280511995,0.507728308,0.616106348,G
0.213110161,0.964159281,0.949787287,G
-0.034377561,0.714092074,0.691945611,G
-0.08373691,0.98332741,0.771776431,G
0.360423924,0.981809989,0.953236055,G
0.208325157,0.926504728,0.812118998,G
0.298268645,0.647224446,0.55844902,G
0.140761176,0.692548864,0.969916062,G
-0.041345906,0.925568336,0.813854027,G
-0.037407104,0.658461003,0.667452807,G
0.242782644,0.584746373,0.569636036,G
0.115152947,0.778400631,0.897012595,G
0.000262363,0.968077387,0.810036378,G
0.145797273,0.848014898,0.766730546,G
-0.067895531,0.785030585,0.946946292,G
0.190985701,0.548588247,0.894298606,G
0.034496702,0.807503613,0.57583744,G
0.29877955,0.995026925,0.655861034,G
0.055180979,0.570042008,0.62424457,G
0.127610075,0.759164826,0.871973146,G
-0.09418973,0.938686536,0.516766217,G
-0.063776556,0.870384309,0.784944842,G
0.096246778,0.84850787,0.881229343,G
0.139969417,0.851242042,0.938382818,G
0.200010274,0.679745576,0.671040874,G
0.045831289,0.646795922,0.910628652,G
0.247490943,0.904680578,0.555315868,G
0.330061199,0.905056697,0.923226146,G
0.289925494,0.933536159,0.563744331,G
-0.080190587,0.956620276,0.698643645,G
0.140253474,0.755671199,0.898647683,G
-0.047534911,0.750758147,0.574958714,G
0.021022508,0.899147589,0.614625698,G
0.393331297,0.824981965,0.861126284,G
-0.028752229,0.850983439,0.860018268,G
0.149444077,0.897896335,0.820573816,G
0.209077867,0.945002671,0.846974222,G
0.251232485,0.668997578,0.771362222,G
0.179824342,0.687791476,0.625899529,G
-0.095114576,0.54699097,0.672847997,G
0.063230654,0.78914007,0.590798858,G
0.158855822,0.517971137,0.954225281,G
-0.05606675,0.732799009,0.791695897,G
0.075313466,0.771322317,0.700425708,G
-0.083398446,0.643270626,0.731002902,G
-0.060710751,0.79541663,0.97364167,G
0.098461638,0.515250125,0.576675702,G
-0.033642123,0.518674094,0.793114916,G
0.183770424,0.91130028,0.752944339,G
0.244732485,0.680095321,0.805727118,G
0.30029335,0.563530256,0.509055092,G
7.51E-05,0.76112163,0.936061954,G
-0.016258709,0.884996777,0.966059141,G
-0.04771608,0.607910514,0.782566592,G
0.218215125,0.811445238,0.848325412,G
0.253237863,0.542673732,0.961249691,G
-0.084206928,0.525840861,0.853619317,G
0.368106123,0.765677316,0.576269521,G
-0.074014358,0.770317561,0.78814418,G
0.170648168,0.818714951,0.803357523,G
0.25453026,0.863045667,0.712065336,G
0.335484562,0.98792604,0.868222118,G
0.257043466,0.758150174,0.967183507,G
0.300864042,0.661478236,0.962784256,G
0.069725096,0.897593097,0.725419686,G
0.307412557,0.635416126,0.556619023,G
-0.059942577,0.71948571,0.992420599,G
0.347408328,0.539228191,0.919449043,G
0.173796188,0.512675372,0.562331341,G
0.308648885,0.981324207,0.960420941,G
0.126159142,0.91799006,0.934948181,G
0.221788848,0.847987103,0.759419029,G
0.16320133,0.704476472,0.795637718,G
0.265794761,0.58664716,0.699501352,G
-0.059185009,0.578218521,0.527380819,G
-0.069823958,0.625121449,0.667598621,G
0.023551617,0.774613332,0.901426724,G
-0.02022766,0.857297961,0.502316012,G
0.335891783,0.830098688,0.666749586,G
0.009606994,0.639966948,0.699084347,G
0.387932628,0.97743264,0.768697801,G
0.068447896,0.868948458,0.959927808,G
-0.008941042,0.777177026,0.673172997,G
0.294849254,0.805860373,0.673476601,G
0.229353888,0.709800031,0.868750624,G
0.149097858,0.623865495,0.72610897,G
0.177681775,0.677986339,0.612302411,G
0.259600889,0.878923055,0.726219758,G
0.014227371,0.507196744,0.57042851,G
0.398166958,0.55803632,0.588193493,G
0.387396581,0.523001321,0.749183886,G
0.225162843,0.520364401,0.709462725,G
-0.000228775,0.927730292,0.957422951,G
0.240114121,0.85182893,0.68119695,G
-0.063900796,0.737086915,0.790294175,G
-0.084673749,0.54891708,0.816132144,G
0.028841444,0.745807938,0.506547228,G
0.131311478,0.736735885,0.831768686,G
0.334136253,0.586600935,0.589017983,G
0.263584535,0.716925825,0.980535159,G
0.271353261,0.699252367,0.574331364,G
0.112746667,0.807925049,0.707312062,G
0.072967496,0.817546825,0.542674834,G
0.085519381,0.522652005,0.998437126,G
0.393824782,0.687306307,0.751097505,G
-0.079945404,0.812929958,0.797692509,G
0.333515748,0.751568129,0.533538239,G
0.189337704,0.928244921,0.874980235,G
0.11930771,0.829346816,0.604952797,G
0.26262883,0.581467214,0.949027145,G
0.143334471,0.535284374,0.60256982,G
0.336711619,0.821209639,0.59534386,G
0.350350932,0.513255655,0.518274834,G
0.110860463,0.792887791,0.736033473,G
0.038413899,0.970115121,0.782420567,G
0.196175164,0.787737089,0.53285432,G
0.356181673,0.694084963,0.887763808,G
0.005331095,0.821644109,0.726644417,G
0.211483292,0.729126445,0.762195135,G
0.21578011,0.772808395,0.720381373,G
0.266556511,0.970732404,0.70038153,G
-0.034216157,0.693051319,0.779820166,G
0.257912482,0.980595282,0.577620123,G
0.35451626,0.952675321,0.590964065,G
-0.010158446,0.597895567,0.930892811,G
0.018771662,0.53468065,0.973057731,G
0.385697547,0.550389001,0.686654658,G
-0.009511524,0.509110913,0.635372337,G
0.327192547,0.54722148,0.821999772,G
0.146138928,0.841503387,0.704367086,G
0.023615537,0.535594324,0.512693178,G
0.335374951,0.659487815,0.578076299,G
0.122652628,0.922437655,0.857986114,G
0.157408677,0.511635968,0.829461971,G
0.079616685,0.907234241,0.513547996,G
0.196475426,0.640927387,0.610986081,G
-0.018238064,0.559082414,0.615537398,G
0.095540768,0.848368583,0.835946372,G
0.384706161,0.814471423,0.509855269,G
0.029066716,0.938736007,0.552054291,G
0.228368332,0.867535522,0.899958043,G
0.062595032,0.901740465,0.589272331,G
0.286736563,0.641017286,0.826373054,G
-0.03456317,0.588719772,0.619091391,G
0.384910523,0.875307376,0.549720696,G
0.126894771,0.90341737,0.621586095,G
0.018025232,0.995252571,0.861133466,G
-0.063251626,0.706308838,0.927848234,G
-0.015121047,0.686009043,0.915109932,G
0.159886974,0.88820648,0.698591765,G
0.068501588,0.67040177,0.834042568,G
0.314441683,0.965378663,0.602492148,G
0.115443762,0.929206376,0.646573865,G
0.024357136,0.714497014,0.948167909,G
0.208572493,0.875435534,0.506500962,G
0.253388608,0.877271437,0.542754265,G
-0.016479046,0.551561934,0.603943128,G
-0.016190392,0.951276453,0.513266102,G
-0.081664287,0.752626186,0.590717718,G
0.268201008,0.913228733,0.79152078,G
0.231902264,0.660024801,0.710712275,G
0.137315438,0.947761614,0.946335856,G
0.322085224,0.694600839,0.908721781,G
0.302835076,0.505418826,0.670908676,G
0.192677182,0.952690988,0.629711717,G
0.33413564,0.545643338,0.689846204,G
0.002920605,0.659656819,0.795147471,G
-0.04404019,0.975030984,0.63403182,G
0.034874806,0.975303573,0.812074454,G
-0.071456572,0.786718944,0.704705826,G
0.165584764,0.815918606,0.77602359,G
0.368302846,0.724222761,0.718063265,G
-0.08032823,0.646605386,0.64723288,G
-0.038945043,0.664332273,0.974226653,G
0.126099514,0.836259228,0.881802897,G
0.366937509,0.876187265,0.570056588,G
0.058078052,0.895789522,0.934233988,G
0.153617404,0.894809071,0.743715599,G
-0.07921357,0.545603052,0.947276113,G
-0.0258284,0.747210152,0.899927628,G
0.393315061,0.52877938,0.712606752,G
0.382559348,0.774764441,0.511234654,G
-0.09753001,0.720765251,0.63433868,G
0.375905893,0.943852091,0.770817107,G
0.219559969,0.675457506,0.81673911,G
0.333959147,0.558533508,0.628943843,G
0.127369928,0.571495841,0.569678037,G
0.157798014,0.880755316,0.917465118,G
0.14442329,0.809109032,0.99220109,G
0.233432129,0.550561338,0.762845091,G
-0.030174373,0.542053403,0.585839643,G
-0.085013205,0.850484566,0.636153663,G
0.053964971,0.536381503,0.509195338,G
0.252340381,0.91093003,0.957149403,G
0.000926726,0.853121114,0.558875541,G
0.236716217,0.54067439,0.788258238,G
0.384956023,0.542418857,0.63702761,G
-0.053049642,0.993319789,0.777089001,G
0.236301059,0.687135398,0.825710194,G
0.12187511,0.685321074,0.914870902,G
0.334071127,0.906399784,0.603210636,G
-0.011425105,0.973624289,0.505497914,G
0.246312976,0.993000532,0.568442815,G
0.319057645,0.876689093,0.950009321,G
0.37230711,0.688129793,0.936945039,G
0.241624014,0.541750358,0.798706551,G
0.148587382,0.888573458,0.80025843,G
0.20892362,0.779202125,0.832518337,G
0.334452492,0.712111005,0.587685639,G
0.185304873,0.953177193,0.957205973,G
-0.08480647,0.555598741,0.709385262,G
0.365474348,0.746312552,0.691569264,G
0.244763376,0.505676822,0.759458853,G
0.238256693,0.734330321,0.523482983,G
0.007837576,0.528151638,0.583141684,G
0.229442735,0.559408958,0.869016808,G
0.096932203,0.558763123,0.541399334,G
0.225616489,0.824605151,0.801576055,G
-0.046703485,0.87302244,0.622674555,G
0.228922652,0.791684383,0.694647807,G
0.399706863,0.981086274,0.644346868,G
-0.075893981,0.68743529,0.677836358,G
0.388587092,0.642856043,0.859522953,G
0.10345398,0.934299564,0.648560858,G
0.335376725,0.611797919,0.78320232,G
0.291192742,0.98161127,0.738025201,G
0.18350813,0.506077237,0.831835583,G
0.269224605,0.984939413,0.96841487,G
0.339257781,0.521579956,0.866286049,G
0.102070161,0.945571557,0.607470189,G
0.063516581,0.763850555,0.515591568,G
0.233796693,0.996482398,0.631132022,G
0.303922971,0.536898282,0.797538965,G
0.281142567,0.776927142,0.525712907,G
0.298906824,0.984651268,0.748183124,G
0.117791657,0.761548922,0.798421424,G
0.308917108,0.814699319,0.667121945,G
-0.039895472,0.847874344,0.885456102,G
0.172244549,0.727270532,0.553299127,G
-0.09712067,0.81377904,0.537568891,G
0.062292915,0.792157156,0.864094378,G
0.083230767,0.950579005,0.747745658,G
0.098086346,0.52272319,0.844201198,G
0.247733603,0.640481595,0.717413669,G
0.094279051,0.975205742,0.623201017,G
0.124346811,0.945131892,0.909551159,G
0.018772065,0.727828376,0.899707939,G
0.086625896,0.810066299,0.847348235,G
0.013634814,0.638690591,0.636072569,G
-0.063402038,0.59406058,0.795115333,G
0.201724297,0.731849202,0.680486948,G
0.234106399,0.676676114,0.545791037,G
0.209745173,0.791828056,0.958656788,G
0.131747022,0.538867318,0.568409315,G
0.08989289,0.987197404,0.975118677,G
0.331666825,0.993105372,0.723002886,G
-0.151595811,0.022898142,-0.28595318,M
0.08436911,0.393022707,0.411254283,M
0.099960287,-0.569229521,0.487505497,M
-0.202380154,0.317433354,-0.223982499,M
0.039051187,0.088234742,0.346718966,M
0.162976147,-0.121412663,0.311277915,M
-0.000662601,0.096206843,-0.060312189,M
-0.29273813,0.040323056,0.332052668,M
-0.294576919,0.129486111,-0.521560611,M
-0.085782394,0.317859914,-0.014914568,M
0.255716441,0.375582886,-0.55966368,M
-0.162793932,0.261747691,-0.524816156,M
0.080618213,0.546628435,0.487724944,M
-0.166754478,0.547256572,0.470246574,M
-0.106998006,-0.365066417,0.038904819,M
0.208825254,0.589593482,-0.309728047,M
0.137316865,0.176969657,-0.183188008,M
-0.242760434,0.477636659,0.479800015,M
-0.042778787,-0.468882948,0.491931773,M
-0.282498142,0.512441454,0.196547623,M
-0.011465912,-0.527679132,0.556073321,M
0.097460407,0.521323232,0.07220182,M
-0.228898426,-0.178052775,0.524186954,M
-0.126669037,0.42475436,-0.147218335,M
-0.061298025,-0.07302022,0.5568941,M
0.251718615,0.416362625,-0.492852571,M
0.295953009,-0.258152518,0.276985158,M
-0.273053221,-0.231252042,0.577556509,M
0.156604754,0.363631077,-0.292163925,M
-0.07696556,0.046993532,0.185009522,M
-0.064525088,0.471708246,0.22442312,M
0.152558984,0.13240054,0.078396305,M
0.251055859,0.259380809,-0.043281016,M
0.270557157,-0.272851199,0.566406396,M
0.046273552,-0.103741078,0.130232727,M
-0.085727304,0.053378799,0.000724285,M
0.172529452,0.460157716,-0.134821433,M
-0.14939917,0.217341425,-0.418503806,M
0.038444417,-0.062017134,0.159254254,M
-0.084852923,0.03019606,-0.298840006,M
0.093978644,0.250855514,0.420739269,M
-0.155760652,-0.471747692,0.073467346,M
-0.185044233,0.080774664,0.028069094,M
0.250943452,0.012518987,0.24462851,M
-0.23891779,0.55551225,0.432167632,M
0.003574745,-0.019745224,0.267377164,M
-0.16748833,0.36719106,-0.518797966,M
-0.276642022,0.060271851,0.249402117,M
-0.278388709,-0.547904961,0.052245861,M
-0.194866937,0.159781651,-0.501929585,M
0.220062213,0.541684011,-0.05003923,M
-0.130512754,0.121934184,-0.018364455,M
0.270275502,0.383026631,-0.401070552,M
0.048973376,0.461047756,0.534837776,M
-0.038031486,-0.326304274,0.419970446,M
0.048053301,-0.345546192,0.202826805,M
0.010019031,0.133177187,-0.045245327,M
0.155265752,0.151911013,-0.594764076,M
-0.13050236,0.407833563,0.181168161,M
-0.088169765,0.480027748,0.054518243,M
0.236456582,0.511659128,-0.399656294,M
0.267873908,-0.315755329,0.015003179,M
0.235534936,0.336630618,0.367684341,M
-0.048331204,-0.577060687,0.255655261,M
0.168219302,0.387137182,-0.537652107,M
-0.01419856,-0.091514096,0.343533839,M
-0.001476089,0.201059879,-0.358363461,M
-0.177191935,-0.027787838,0.199662496,M
0.054678182,0.14863119,-0.402352376,M
-0.188318461,0.225266451,0.559257006,M
-0.101061181,0.103930156,0.308101807,M
0.213018121,-0.398382951,0.023263031,M
-0.175754514,0.284248494,-0.354142471,M
-0.257305029,0.435356493,0.453396094,M
-0.258595444,-0.33991224,0.455498226,M
0.264470712,-0.485142533,0.44469411,M
0.004152263,0.267248349,0.313245348,M
-0.054352757,0.170365801,-0.058512787,M
0.186527149,0.128512843,0.581987587,M
0.201495557,0.056036895,0.326414972,M
-0.10068538,0.231038918,0.540927249,M
0.116170834,-0.438677845,0.243048602,M
0.16267369,0.113371602,-0.043282348,M
0.092790412,-0.003879769,0.491064247,M
-0.209042955,0.585342624,0.046442158,M
0.22552985,0.55532202,0.215544399,M
0.023456732,0.234173465,-0.47343156,M
-0.130516544,-0.114817478,0.188136126,M
-0.044863089,-0.086160462,0.386523793,M
-0.277457346,0.261117319,-0.143495991,M
-0.223279919,0.230923382,0.330734221,M
0.15932805,0.589507192,0.557371985,M
-0.299993019,0.577413404,0.025751566,M
-0.050060503,-0.475068421,0.027995557,M
0.013506109,0.269206581,-0.25543445,M
-0.267219348,0.0940643,0.351425303,M
0.283846898,-0.2710072,0.093112039,M
-0.164324801,-0.504696757,0.161498901,M
-0.117480768,-0.4972101,0.357496992,M
-0.117634493,0.47302905,-0.124835433,M
-0.161750003,-0.36975921,0.498108082,M
-0.299115707,-0.211954125,0.039634641,M
0.137606876,0.365324649,0.338188636,M
0.2801073,-0.174004433,0.235078942,M
-0.16542391,-0.516691389,0.351913621,M
0.097828315,0.022871749,-0.219885988,M
0.145137796,-0.518864924,0.428615108,M
0.209055227,0.360427809,0.487371906,M
-0.046422482,-0.265488153,0.172979066,M
-0.118241457,0.048014298,0.580225767,M
-0.10482292,0.456094905,-0.431146166,M
0.1275728,0.181052843,-0.357581198,M
0.19006768,0.039549344,-0.378930193,M
-0.191031619,-0.210799496,0.472787652,M
-0.077435395,-0.200397704,0.185151063,M
0.241164118,0.203384346,-0.41747486,M
0.184016112,0.592967233,-0.071611898,M
0.290915042,0.194207028,0.13835763,M
0.152548956,0.069340101,-0.499843098,M
-0.064082879,0.276780612,0.458899642,M
0.0543827,-0.041753265,0.364324243,M
0.096608553,-0.527829189,0.006248128,M
-0.25292651,0.074756179,0.560551938,M
0.026698175,0.549150341,-0.098686825,M
0.125592497,-0.389636469,0.580932383,M
-0.199607218,0.228005869,0.201503999,M
0.16837903,-0.358879574,0.161605528,M
0.050263668,0.042993221,-0.400854126,M
0.271333071,-0.48398826,0.45831331,M
-0.274546621,-0.37187082,0.57276949,M
-0.140804317,0.307395995,-0.405319913,M
0.060932328,0.548937623,-0.167939441,M
-0.122064053,0.197894069,0.07170682,M
0.128654498,0.354539953,0.032879547,M
0.15540317,0.512613383,0.263224347,M
-0.238490422,-0.318429502,0.468309664,M
0.008312679,-0.589364058,0.548159779,M
0.005334333,-0.417100784,0.277795788,M
-0.078431538,0.590980203,-0.375105667,M
0.259754918,0.512401162,0.429812464,M
0.196503792,0.047948556,0.382876217,M
0.118325629,0.410439953,0.048952506,M
0.128595981,0.025149573,0.252291358,M
-0.022970314,0.148302826,-0.222779864,M
0.252596713,0.597385027,0.000481375,M
0.116757256,0.306324505,0.385964277,M
0.137388637,0.212185559,-0.080725037,M
0.217014542,0.391281156,-0.170642082,M
-0.135557046,0.338433705,-0.006945063,M
0.184242542,0.250493637,0.393899103,M
-0.182855638,0.394163159,-0.050760474,M
-0.092794829,-0.329542478,0.368358589,M
-0.098633727,-0.284264916,0.254416824,M
0.287115281,-0.167836311,0.391173855,M
0.213922334,0.35111414,0.308772249,M
0.120701917,0.524349388,-0.312151065,M
0.136234057,0.064562689,-0.429633612,M
0.037243677,0.285443422,-0.156224093,M
0.2682544,0.400973516,-0.537173976,M
-0.002244748,-0.063356951,0.298591604,M
-0.071689374,0.1207132,0.181377102,M
-0.202178798,0.018815313,0.145114281,M
0.171723391,0.503270368,-0.177150064,M
0.140666359,-0.003643821,0.409737064,M
-0.069386977,0.590589618,-0.034455399,M
-0.284883952,0.421709949,0.574925926,M
0.203398397,-0.349787383,0.160970566,M
-0.29314921,0.516714258,-0.44848231,M
0.122219868,-0.460360323,0.211413074,M
0.282154266,0.38093965,-0.209875181,M
-0.037403203,-0.143252048,0.223592636,M
-0.159015957,0.453569185,-0.516430622,M
0.122922606,0.441668028,-0.390142275,M
0.190276885,0.36711048,0.426884711,M
0.02785819,0.348036524,-0.327384532,M
0.280221165,-0.234385033,0.40444935,M
-0.268998767,0.288571358,0.321081154,M
0.002877359,-0.116423785,0.171458292,M
0.131072368,-0.391770582,0.232980688,M
0.217584283,0.233941307,0.015185704,M
-0.192446633,-0.431036461,0.05589257,M
0.180002089,0.570732241,-0.344826748,M
0.031624245,0.169166493,-0.560172775,M
-0.062067791,0.386976676,-0.235264319,M
-0.220970983,-0.440970393,0.183795349,M
0.219177455,0.434417379,0.525965782,M
-0.205636075,0.507308629,0.445445379,M
-0.114127284,-0.015525697,0.319277732,M
-0.125972681,0.127503525,0.346136812,M
0.222848421,0.317771761,0.197981884,M
0.103621797,0.304113507,0.386615864,M
0.178008838,0.003079292,0.488634037,M
-0.149719261,-0.121604367,0.204878774,M
0.07492446,-0.424351209,0.072528757,M
0.04304759,0.322707339,0.420417601,M
0.199698226,0.190248619,-0.345607134,M
0.243652236,0.319339119,0.188824179,M
-0.292705937,-0.437800453,0.437476331,M
0.104411951,0.555738134,0.055977864,M
-0.268898521,0.059435443,-0.143519341,M
0.029315199,0.558986593,0.572160394,M
-0.127420363,0.415105728,-0.033261835,M
-0.11593404,0.136324937,0.456188086,M
-0.088224898,0.007370235,-0.54957039,M
0.072775469,-0.072585974,0.287884945,M
-0.099570021,-0.473202379,0.501691863,M
0.13961943,0.168991578,-0.263955205,M
-0.057283569,-0.340754181,0.430010012,M
-0.25898808,0.143505546,-0.249338123,M
0.170255905,0.180241311,0.492924194,M
-0.128545005,-0.417570176,0.304754284,M
-0.040339872,-0.526380447,0.365888132,M
0.11126633,0.336913903,-0.578392133,M
-0.100526306,-0.048239491,0.555372428,M
-0.266048606,-0.530203445,0.27200519,M
-0.075647372,0.593839581,-0.234298686,M
0.26666915,-0.530663327,0.395273598,M
0.085040638,0.234042275,-0.262174562,M
0.102887489,0.58041471,0.447304607,M
0.079369292,0.14689637,-0.080620797,M
-0.180604717,-0.429300758,0.244423173,M
-0.048999682,-0.454338073,0.048838172,M
0.150563879,-0.014846628,0.21337584,M
-0.239176261,-0.506820798,0.129302547,M
-0.133288334,0.23059361,-0.585115156,M
-0.134208535,0.337586227,-0.547320069,M
-0.040788643,0.011306554,-0.238481687,M
0.288221245,0.596036225,0.118028981,M
-0.259498472,0.376764323,-0.243314631,M
0.011220597,0.138263326,-0.240097066,M
-0.192381191,-0.232495655,0.291831838,M
0.282405927,0.148675004,-0.542228597,M
-0.232017897,0.032449757,0.483473994,M
-0.057839399,-0.088699939,0.422716649,M
0.142730991,-0.443147548,0.20136562,M
0.122732657,0.463925058,0.111865884,M
-0.046362818,-0.060258421,0.470762998,M
-0.092085499,0.093958079,-0.401100264,M
-0.061432573,-0.520788187,0.181967713,M
-0.141434242,-0.181415359,0.28631695,M
-0.176800237,0.393045475,0.353493934,M
-0.010176181,0.280337257,-0.55839568,M
-0.138879746,0.323165872,0.099368202,M
-0.127523001,-0.586762483,0.594525019,M
0.094053638,-0.100615202,0.426835313,M
0.281122399,-0.022387018,0.025734827,M
0.06218232,0.489478553,-0.405994277,M
-0.25381232,-0.28822415,0.397648217,M
-0.254649832,0.312347788,0.11877421,M
0.270853933,0.369882252,0.173799125,M
-0.121625526,0.042372158,-0.487371258,M
-0.244759808,-0.341757754,0.491552183,M
0.059426752,-0.58545507,0.203040316,M
0.074189267,-0.310558251,0.395144159,M
0.089102892,0.571048506,0.45477468,M
-0.139558783,0.361844534,0.086126822,M
-0.290933589,0.551491973,0.020935622,M
0.279009222,0.537225631,-0.125842911,M
-0.149464173,-0.51322023,0.25584826,M
0.105615773,0.057551387,-0.078484847,M
0.123977922,-0.054747199,0.328655587,M
0.06600445,0.413228499,0.122308117,M
-0.112255563,-0.482300903,0.471027948,M
-0.137342248,0.546138249,-0.36094167,M
0.05860097,-0.419941602,0.128507494,M
0.21965738,-0.210388888,0.157569064,M
0.268040237,0.284828493,0.110036595,M
-0.236456517,-0.028778245,0.243160528,M
-0.207102832,0.027091919,0.468258003,M
0.266841755,-0.126628466,0.014836533,M
0.141921137,0.373348524,-0.348977442,M
0.229796295,0.342019853,-0.138586407,M
-0.17842042,0.470501627,-0.014799518,M
0.052551523,0.546401624,0.182669111,M
0.120683757,0.344284064,0.540637263,M
0.108067131,-0.221511725,0.12078128,M
-0.055108985,0.225761647,0.292312699,M
-0.290763065,-0.074876251,0.007519271,M
0.049755634,-0.294395254,0.160924838,M
-0.148139076,0.409045895,-0.514881341,M
-0.029847452,0.163145649,-0.540025166,M
0.274548609,0.482114391,-0.165776288,M
-0.060578809,0.000749122,-0.530289658,M
0.203880964,0.164641772,-0.545221505,M
-0.186875637,0.191224707,-0.431971083,M
0.103476299,0.474141289,-0.267822831,M
0.286204173,0.164003619,0.565839229,M
-0.238864139,0.136720302,-0.202383591,M
-0.295008035,0.353418653,-0.466185345,M
-0.039850324,0.022089626,-0.364682745,M
-0.24442471,-0.419797199,0.132936085,M
0.14903061,0.284920522,-0.263180141,M
0.248729198,0.014666305,-0.351608906,M
-0.039587416,0.216273335,0.019887154,M
-0.144773015,0.248503773,0.019034283,M
-0.039358009,-0.134201153,0.412379597,M
0.134068691,0.259588066,-0.337117429,M
-0.294567503,-0.512517798,0.402576271,M
0.053672394,0.208956355,0.577431035,M
0.067975011,-0.288114025,0.351771449,M
0.082612948,0.547801678,0.363102815,M
-0.154786752,0.285010031,0.086458372,M
0.128431634,-0.17609831,0.015201271,M
-0.245165108,-0.18576935,0.424541906,M
-0.180437798,-0.180356124,0.518104463,M
0.226482028,0.329584237,-0.123581951,M
0.14323389,0.193644733,-0.49548868,M
-0.291752668,-0.377765319,0.140479819,M
-0.150974244,0.500983012,-0.309627444,M
-0.17135611,0.364179292,-0.450757921,M
-0.137516203,0.192363264,0.008894326,M
-0.151464138,0.317247195,0.44906703,M
-0.262484223,0.515073664,-0.10362879,M
-0.02463569,-0.574866047,0.242710519,M
0.139640085,-0.501393999,0.591380207,M
0.064039035,0.561432042,-0.442213056,M
0.103723001,-0.251394593,0.552752371,M
-0.251310493,0.323067777,-0.126508709,M
0.270894426,0.149596283,-0.093806186,M
0.2030951,0.487333203,-0.114852303,M
0.183054191,-0.353175285,0.489133203,M
0.193790283,-0.454336298,0.256839173,M
0.259626305,0.138015562,0.129486257,M
0.02655238,0.329560537,-0.228752739,M
-0.179830789,0.172685104,0.388548461,M
0.070070165,0.03636256,0.546072614,M
0.145728896,-0.549658532,0.385437939,M
0.142750436,0.562186533,-0.598121874,M
0.012869415,0.35845703,0.163681644,M
-0.258924768,-0.214205159,0.037125214,M
-0.077332237,0.575964395,-0.290871336,M
0.252459965,0.122257908,-0.52857036,M
0.050669346,0.09890719,0.124554544,M
0.022999166,0.297687815,0.223907896,M
-0.138687891,0.374123746,-0.462614834,M
-0.078930648,0.187774329,-0.13939334,M
0.237207653,-0.028275616,0.11415801,M
0.099877829,0.532441911,-0.027719872,M
0.172432216,0.513700368,-0.454769999,M
-0.027392746,0.168571251,-0.043085809,M
0.078148332,-0.153399571,0.301413657,M
-0.150969835,0.574777338,0.556199089,M
0.123276498,0.124191715,0.022838736,M
-0.0434392,0.135527499,-0.17427445,M
-0.034472691,0.531691005,0.530070854,M
0.089593395,-0.311168746,0.202287176,M
0.261768373,-0.454198348,0.214403948,M
-0.261596192,-0.170623099,0.213050721,M
0.194845942,0.46430988,0.112392949,M
-0.124570134,0.174972975,-0.587842579,M
-0.033648327,-0.256911853,0.163315256,M
-0.286852003,0.379136327,0.495944337,M
-0.119372353,0.433643996,0.135088162,M
0.001578746,0.415817206,0.448438312,M
-0.266294354,0.50271184,0.268767667,M
-0.005342562,0.177380935,-0.22576337,M
0.256266377,0.306050314,0.482943969,M
-0.236764069,-0.452495186,0.328789654,M
0.158664437,0.410398263,0.040760967,M
-0.054197368,0.274188813,-0.429435451,M
0.093104229,0.331736936,-0.585952067,M
-0.143858041,0.187394205,-0.093558888,M
-0.204304642,0.466390896,0.327505778,M
-0.203722431,0.054032303,-0.016799407,M
-0.257704833,0.581603687,0.092639864,M
-0.188611977,0.52486568,-0.547513113,M
0.098531631,0.003700741,0.025555257,M
0.229014367,-0.402222221,0.070370876,M
0.188475411,-0.06078031,0.571216588,M
0.111080586,0.271175892,0.275008185,M
-0.233740882,0.381342396,0.182749978,M
-0.126487532,-0.34378636,0.414725236,M
-0.114115875,0.007023232,0.230991392,M
-0.150025832,0.408843634,-0.084082707,M
0.009003396,0.279361854,0.207559947,M
0.021332289,0.050684647,-0.269542591,M
-0.085868415,0.108417229,-0.232423801,M
-0.087726505,0.010032656,0.346782192,M
0.197133359,0.103037746,-0.449339742,M
0.173575709,0.078026391,0.358056409,M
-0.115322501,0.226662362,0.386906848,M
0.248273066,0.447987499,0.429074805,M
0.27168901,0.163549625,0.499962283,M
-0.103954475,0.313345844,-0.082817735,M
-0.087345031,0.149740635,-0.579662802,M
0.003380492,-0.046131031,0.098638496,M
0.264672488,-0.513869033,0.324189854,M
0.22579166,-0.303985363,0.121289,M
-0.238459222,0.271754058,0.246703035,M
-0.064361554,0.590171942,0.226086022,M
0.032022714,0.219140665,0.368586645,M
0.001879484,0.468169365,0.541715772,M
-0.183682159,0.360085162,-0.083364794,M
0.215290063,0.256743159,-0.2813006,M
0.10616447,0.066101939,0.468116442,M
0.202745025,0.279685555,-0.184947047,M
0.215258568,0.13918254,-0.414648303,M
0.149013512,0.387041753,-0.578937164,M
-0.036473639,-0.173538518,0.174986864,M
0.066328053,0.340550141,0.164282781,M
-0.203780756,0.065071817,-0.191275,M
0.10418725,0.364750209,-0.248029667,M
-0.192448047,0.313188912,-0.108445326,M
0.116369754,0.063001161,0.327770249,M
-0.162241104,0.294880539,0.212544768,M
-0.22946922,-0.357023328,0.126935099,M
-0.200829306,0.549688176,-0.162487526,M
-0.298804719,0.024203871,0.021552633,M
0.131243771,-0.20768206,0.585643159,M
0.139440629,0.24926562,0.593783153,M
0.00896001,-0.233274941,0.225929083,M
-0.203182319,0.451980914,-0.431336439,M
-0.249867397,0.595601205,-0.01729236,M
-0.28852262,0.33041538,-0.153912846,M
-0.200551094,-0.061667243,0.006546141,M
0.234513321,0.266485126,0.556820889,M
-0.155077895,0.463434937,-0.138951944,M
-0.087437204,0.111653201,-0.553204785,M
-0.236792709,-0.525356129,0.254067367,M
-0.166583217,-0.423236347,0.577372478,M
0.011534742,0.234741776,-0.407970076,M
0.06465161,-0.258871088,0.17575049,M
-0.152788612,0.143507205,0.307456337,M
-0.265360704,-0.439405964,0.569033333,M
-0.065380279,0.353036798,-0.252906274,M
-0.159477977,-0.488411232,0.48009982,M
-0.168267646,0.10584272,-0.460633248,M
0.275917682,-0.022832532,0.547102595,M
0.069780292,0.170790631,-0.223239939,M
0.034127066,-0.522175687,0.466084407,M
-0.050534938,0.095980545,0.123531452,M
-0.0426334,0.073781506,0.392048832,M
0.024543002,0.072792113,0.580815796,M
0.117857884,0.1241852,-0.253913475,M
0.121287658,0.211761525,0.553362582,M
-0.196983655,0.3659868,-0.132621726,M
6.77E-05,0.155469236,0.416472992,M
-0.052825143,0.390059292,-0.191535475,M
0.22231618,-0.002093181,0.049689129,M
0.078851353,-0.590590091,0.083447735,M
0.01950244,-0.529738885,0.064453782,M
-0.230763215,-0.198914018,0.050045775,M
0.063382734,0.341876373,0.314282175,M
-0.229677657,0.249217122,0.400379954,M
-0.097676055,0.346337958,-0.07147038,M
-0.214294821,0.020722868,-0.237200101,M
0.115244188,0.298374281,0.478272726,M
-0.176248732,-0.218895846,0.339838096,M
-0.064884376,-0.599838368,0.336451348,M
0.237404867,0.013354967,-0.050405089,M
-0.17741017,0.157106148,-0.28854986,M
0.004683038,-0.335265657,0.559700863,M
-0.048437003,0.117870353,0.069250592,M
-0.289125575,0.282795737,-0.183267553,M
0.175654868,0.598017014,0.096561121,M
-0.258572456,0.519735998,-0.432963958,M
-0.015446987,0.171078239,-0.067147501,M
0.036406977,-0.094502336,0.151481186,M
0.077055874,0.163412838,-0.013322602,M
0.113178978,0.342781942,-0.117865439,M
-0.14803657,-0.457996571,0.592618067,M
-0.294012734,-0.108114132,0.456377715,M
0.134066197,0.407762743,0.14808715,M
0.02139396,-0.139400458,0.083252833,M
0.201670622,0.086246725,0.144792576,M
0.192833018,0.105323233,-0.358425471,M
0.205995701,0.552162725,0.26199741,M
-0.008943204,0.248371785,-0.521166169,M
-0.099822962,-0.438870179,0.112273122,M
0.174934922,-0.56856395,0.051629501,M
-0.029223532,0.407206191,-0.304075638,M
-0.189934682,0.398036452,0.556834617,M
0.212984412,-0.272315028,0.491345533,M
0.229535926,0.021694519,0.266571883,M
-0.020214146,-0.241529312,0.040063955,M
-0.254580164,0.528815094,0.443962992,M
-0.067304346,0.549520945,-0.512302126,M
0.182122596,-0.084411825,0.348611753,M
0.241064417,0.447276301,-0.450215023,M
-0.177916355,0.41032028,0.353052795,M
-0.259815833,-0.303811357,0.296933288,M
0.226410272,0.363171972,0.452508697,M
-0.066357037,-0.050175736,0.532850513,M
0.025056579,0.289084867,-0.031428206,M
0.280839487,0.035591669,0.146811918,M
-0.260061163,-0.503278183,0.577184854,M
0.088990804,0.273527168,-0.019911077,M
-0.255536746,-0.004246617,0.436257027,M
-0.074718643,-0.075779157,0.106477827,M
0.182288727,0.275409874,-0.14960411,M
-0.03991666,0.318615479,-0.257059733,M
0.298309412,-0.477729134,0.549347761,M
0.035435571,0.132270179,0.31415783,M
-0.107302708,-0.167719297,0.531269183,M
-0.167933204,0.301650103,0.013530555,M
-0.089687679,0.188346188,-0.009209424,M
-0.076480036,0.547937545,0.092734835,M
-0.258771793,-0.51725038,0.438692575,M
-0.07825548,-0.531534335,0.576887212,M
-0.021456888,-0.275528056,0.342227452,M
-0.261465375,-0.638631124,-0.653994372,B
0.070440085,-0.671635258,-0.771035503,B
-0.337827079,-0.645617172,-0.886739187,B
0.037566809,-0.995818159,-0.693014847,B
0.085470125,-0.8911663,-0.873570941,B
-0.311423238,-0.669157856,-0.711184123,B
-0.038966968,-0.758005316,-0.820395627,B
-0.379857241,-0.997343262,-0.588223887,B
-0.197288587,-0.597752679,-0.58965192,B
-0.14185835,-0.613595213,-0.761324801,B
-0.109677387,-0.725790419,-0.824590445,B
0.067968624,-0.966768337,-0.818720102,B
-0.063874656,-0.616742475,-0.597142737,B
-0.159361024,-0.708143206,-0.835910259,B
0.004837518,-0.609020011,-0.895470313,B
0.07526641,-0.624126504,-0.957655829,B
-0.388966926,-0.598498964,-0.76665344,B
0.091260636,-0.740995967,-0.758933951,B
-0.35693393,-0.929837741,-0.579545645,B
0.00719339,-0.664421263,-0.889380652,B
-0.259832624,-0.689763107,-0.809504363,B
-0.333910171,-0.628873406,-0.595797131,B
-0.18007218,-0.915059497,-0.588188195,B
-0.07802171,-0.9025124,-0.807694462,B
-0.209524077,-0.554795241,-0.770437988,B
-0.372717296,-0.625011101,-0.848357055,B
-0.10026943,-0.545885756,-0.533722561,B
0.051201638,-0.620642339,-0.940678117,B
-0.208392317,-0.701422347,-0.533125288,B
-0.291833611,-0.672933631,-0.658066774,B
-0.178711327,-0.555436038,-0.734213924,B
-0.375818644,-0.710596623,-0.98367047,B
0.010243792,-0.683804338,-0.762201904,B
0.013170405,-0.921761642,-0.796125947,B
-0.105999768,-0.76303939,-0.919390594,B
-0.223448556,-0.641801444,-0.671795198,B
-0.000108318,-0.864528651,-0.514424546,B
-0.122656488,-0.89887291,-0.718905594,B
0.012966154,-0.843086596,-0.642623362,B
-0.084270604,-0.879249686,-0.965774774,B
-0.007797263,-0.892543681,-0.791166502,B
-0.100718503,-0.787574579,-0.941820757,B
-0.192929466,-0.546080743,-0.693602082,B
0.07897293,-0.746470177,-0.530758921,B
-0.129443088,-0.90603981,-0.669111134,B
-0.097455241,-0.961514165,-0.961598476,B
-0.28975618,-0.651921927,-0.822666898,B
-0.087174605,-0.808600618,-0.72466831,B
-0.114196175,-0.589084527,-0.798396122,B
-0.307580801,-0.670244616,-0.583177995,B
-0.370206451,-0.601879275,-0.592664498,B
-0.09782034,-0.86402698,-0.69408449,B
-0.018153865,-0.653820539,-0.813271027,B
-0.138299315,-0.867969008,-0.872331813,B
-0.286613687,-0.53046576,-0.947062841,B
-0.066739012,-0.681812859,-0.822551158,B
-0.359947137,-0.8377441,-0.793413741,B
-0.179083148,-0.865244069,-0.662088537,B
-0.318316621,-0.904536707,-0.670920088,B
-0.307770474,-0.652679521,-0.96494593,B
-0.298853025,-0.890642194,-0.802370342,B
-0.206646471,-0.702348367,-0.909110566,B
-0.374424897,-0.867682487,-0.921593647,B
-0.20110328,-0.669015528,-0.586348925,B
-0.144146276,-0.592530136,-0.979042392,B
-0.158352858,-0.610987378,-0.790408562,B
-0.20860795,-0.619574335,-0.915898172,B
0.019573304,-0.906138797,-0.560334892,B
-0.327336654,-0.955807527,-0.721479743,B
-0.147151628,-0.650525586,-0.884309682,B
-0.368979292,-0.815826393,-0.748786356,B
-0.364422161,-0.783826887,-0.63425682,B
-0.113067075,-0.984425454,-0.520940996,B
-0.116990788,-0.870211775,-0.889776998,B
0.039016756,-0.983161798,-0.556909114,B
-0.121063162,-0.560407114,-0.532847943,B
0.07989551,-0.878301658,-0.541789728,B
-0.375652576,-0.721331415,-0.682292822,B
-0.350996158,-0.98051034,-0.685089673,B
-0.377967069,-0.666576304,-0.798394683,B
-0.307361575,-0.838486327,-0.623801059,B
-0.129364945,-0.551040407,-0.734352991,B
-0.077213909,-0.555940906,-0.661280964,B
-0.377207421,-0.837354691,-0.785771048,B
0.072985445,-0.549519552,-0.634251768,B
0.021082688,-0.501921163,-0.587764241,B
-0.251693759,-0.587292168,-0.926781872,B
-0.361406235,-0.577564326,-0.583535142,B
-0.315056463,-0.875495632,-0.729851734,B
-0.336527793,-0.711648801,-0.577667045,B
-0.33835811,-0.966372043,-0.784349147,B
-0.140719156,-0.952541032,-0.810479757,B
-0.277076279,-0.500553694,-0.542469634,B
-0.220930142,-0.836680375,-0.874415366,B
0.094752667,-0.625908044,-0.577893837,B
-0.057842876,-0.596667473,-0.757989714,B
0.074490334,-0.570988364,-0.742952279,B
-0.328721722,-0.501185851,-0.845765859,B
-0.208930263,-0.879251757,-0.7134789,B
-0.122634098,-0.979824587,-0.837394402,B
-0.361620969,-0.794404241,-0.980365293,B
-0.397906278,-0.934959665,-0.864000697,B
-0.064782833,-0.988787055,-0.996810478,B
-0.079090242,-0.819786586,-0.510822606,B
-0.194605595,-0.608130874,-0.517126395,B
-0.155177962,-0.716909654,-0.802422351,B
-0.1922785,-0.843611005,-0.635814573,B
-0.387997478,-0.672828997,-0.827096951,B
-0.232314197,-0.88399091,-0.664453421,B
-0.311458872,-0.992809277,-0.597284978,B
-0.350787905,-0.617823307,-0.526621878,B
0.078360217,-0.688128458,-0.799893862,B
-0.100320137,-0.618848688,-0.608351009,B
-0.035671858,-0.980530992,-0.867035775,B
-0.242318128,-0.581440186,-0.504833848,B
-0.203426435,-0.6902369,-0.987115201,B
-0.281538003,-0.718302325,-0.698235597,B
-0.351517165,-0.687692976,-0.670247009,B
-0.310484181,-0.567783377,-0.655977221,B
-0.001242977,-0.706531747,-0.939806211,B
-0.061227097,-0.70952481,-0.530735108,B
-0.126535562,-0.504660421,-0.90940836,B
-0.162455064,-0.621634916,-0.688623298,B
0.061217142,-0.778853097,-0.88866196,B
-0.363632526,-0.6463015,-0.846391791,B
-0.259699593,-0.805384764,-0.726770729,B
-0.225031073,-0.885562269,-0.791403291,B
-0.008787094,-0.701574062,-0.9198872,B
0.09625731,-0.535908951,-0.914531799,B
-0.279664743,-0.53543024,-0.790927606,B
0.037153667,-0.829047361,-0.621358511,B
0.01531138,-0.736161267,-0.551017677,B
-0.287671301,-0.894182051,-0.957936169,B
-0.20033371,-0.502184445,-0.803448046,B
-0.195163565,-0.509441046,-0.949877218,B
0.089110334,-0.675245535,-0.99170376,B
-0.309554049,-0.59779297,-0.669140659,B
-0.000421014,-0.642449919,-0.698775279,B
-0.232903643,-0.70342089,-0.918490443,B
-0.034564827,-0.973326002,-0.883093583,B
-0.189994498,-0.772617829,-0.988146123,B
-0.110820118,-0.662606849,-0.582526397,B
0.016305887,-0.661234193,-0.512654702,B
0.002082782,-0.813438691,-0.932270232,B
0.033211592,-0.529154007,-0.884262393,B
-0.370191337,-0.916321484,-0.565795238,B
-0.053974723,-0.749820277,-0.536768101,B
-0.330006312,-0.654558012,-0.790186309,B
-0.192090716,-0.651432097,-0.974688764,B
-0.125705792,-0.675680522,-0.980304083,B
-0.198630258,-0.862355893,-0.713025067,B
-0.140194162,-0.921896716,-0.803552446,B
0.098263154,-0.682029837,-0.985673786,B
-0.332391343,-0.700348942,-0.708373804,B
-0.062271977,-0.910321995,-0.994348732,B
-0.201999517,-0.647430427,-0.606314021,B
-0.333495101,-0.772414004,-0.846783589,B
-0.320631618,-0.666119704,-0.979870998,B
0.074636553,-0.58131646,-0.70582389,B
0.039800748,-0.915135786,-0.801157793,B
0.05352098,-0.990427566,-0.513099793,B
0.095766388,-0.610448707,-0.727900669,B
-0.295842305,-0.695151287,-0.862380409,B
-0.222280331,-0.650180215,-0.645280568,B
-0.065390485,-0.580922513,-0.864253999,B
-0.15809873,-0.598594533,-0.547878354,B
-0.190805233,-0.519539927,-0.812639015,B
-0.221094375,-0.732032461,-0.725065719,B
-0.103109684,-0.755752184,-0.974713448,B
-0.112203286,-0.7990564,-0.786939381,B
-0.319271083,-0.923154479,-0.58381823,B
-0.164130081,-0.713696384,-0.597175597,B
-0.123264112,-0.861493738,-0.887840721,B
-0.114856531,-0.539346244,-0.886960464,B
-0.294946404,-0.708404598,-0.591347344,B
-0.028864304,-0.70357991,-0.53480079,B
-0.387400453,-0.82253767,-0.952319539,B
-0.222584072,-0.974005324,-0.77497068,B
-0.009893676,-0.984128117,-0.831272861,B
-0.118053539,-0.788332428,-0.564655772,B
-0.269418784,-0.957717311,-0.958237543,B
-0.05252344,-0.696576522,-0.894437029,B
-0.116304528,-0.559513497,-0.623765831,B
-0.001878195,-0.558542592,-0.974353076,B
-0.032487407,-0.670477295,-0.75373231,B
-0.094946039,-0.894384084,-0.778946483,B
-0.155911162,-0.568501584,-0.832799411,B
-0.333408937,-0.556953282,-0.802713842,B
-0.269333491,-0.901673208,-0.735029707,B
-0.190450264,-0.631286957,-0.919316321,B
-0.100350356,-0.856740226,-0.714002061,B
-0.143146072,-0.598679844,-0.597283835,B
-0.255907737,-0.50138105,-0.619919535,B
-0.396767821,-0.984986997,-0.923050048,B
-0.151880389,-0.551317067,-0.925375265,B
-0.257187006,-0.688684733,-0.865912816,B
-0.03269585,-0.51330869,-0.819462637,B
-0.388026867,-0.767495241,-0.795772209,B
-0.107586094,-0.576306035,-0.660151392,B
0.070737119,-0.968802966,-0.971659784,B
-0.312795366,-0.832360475,-0.982663648,B
-0.164175255,-0.966491731,-0.804044719,B
-0.354289004,-0.512328433,-0.651418154,B
-0.087159044,-0.591513046,-0.903282329,B
-0.12473416,-0.573726289,-0.679247759,B
-0.196317238,-0.531017384,-0.870085931,B
-0.139311489,-0.957448257,-0.556956946,B
0.048287329,-0.807201204,-0.552155028,B
-0.301852849,-0.964482555,-0.851356398,B
-0.388717744,-0.894603449,-0.885003123,B
0.030832442,-0.885317111,-0.794348014,B
-0.111441459,-0.765446394,-0.879734207,B
0.045329228,-0.865718916,-0.663808078,B
-0.101527388,-0.949510947,-0.586967658,B
0.005080545,-0.916254455,-0.663453935,B
-0.185163318,-0.926362218,-0.587824776,B
-0.025070034,-0.513461601,-0.801503919,B
0.056520733,-0.620353747,-0.921841515,B
-0.113938518,-0.516119267,-0.631024526,B
-0.309607425,-0.780129757,-0.819762747,B
-0.265601192,-0.860815759,-0.664364587,B
-0.300677712,-0.600853401,-0.864678029,B
-0.276571486,-0.836873041,-0.959385183,B
-0.246792275,-0.850308313,-0.503709102,B
-0.122433107,-0.883747004,-0.921899246,B
-0.106004185,-0.935160511,-0.505789503,B
-0.186750126,-0.871768469,-0.511360034,B
-0.09228961,-0.822340126,-0.603090948,B
-0.359212537,-0.663002896,-0.670288519,B
-0.356105881,-0.968717579,-0.711096475,B
-0.31408527,-0.89474653,-0.566949227,B
-0.140961251,-0.59548818,-0.855280239,B
-0.293002661,-0.926539038,-0.766159394,B
-0.258357798,-0.828677427,-0.690305015,B
-0.199843582,-0.567670539,-0.794404762,B
0.005933062,-0.922537344,-0.786256773,B
-0.393068932,-0.958631582,-0.834857666,B
-0.07531059,-0.757731002,-0.717884092,B
-0.065561734,-0.848790244,-0.574712736,B
-0.00067211,-0.718295818,-0.899235811,B
0.06637647,-0.598097555,-0.532783481,B
-0.389931076,-0.931425756,-0.655456173,B
-0.323108147,-0.709650458,-0.588363394,B
0.043085647,-0.74724562,-0.721904654,B
-0.170740719,-0.927960607,-0.610241649,B
-0.117704681,-0.688000757,-0.991899801,B
-0.068486398,-0.863179791,-0.590809788,B
-0.060466698,-0.756082841,-0.97993057,B
0.065870202,-0.958863838,-0.555043312,B
0.098474709,-0.770207971,-0.504018626,B
-0.03992127,-0.846768266,-0.852966269,B
-0.256389395,-0.588809394,-0.894840722,B
0.039876201,-0.971510637,-0.617318318,B
-0.375389543,-0.790696363,-0.87348683,B
-0.284459574,-0.770784288,-0.567218808,B
0.048692859,-0.637496962,-0.948578704,B
-0.271904243,-0.712856212,-0.937022402,B
-0.28967447,-0.666393831,-0.510424222,B
-0.330937353,-0.611475357,-0.663080551,B
0.029555879,-0.568898513,-0.576556388,B
-0.14997087,-0.843062252,-0.837835311,B
-0.062553398,-0.730988647,-0.661758125,B
-0.280466808,-0.579945961,-0.702879086,B
-0.020979789,-0.505274435,-0.69842494,B
-0.019997228,-0.555240344,-0.65873377,B
-0.243700988,-0.814266369,-0.712320413,B
-0.194658683,-0.902416741,-0.785468815,B
-0.295154861,-0.755303731,-0.862038653,B
0.088280512,-0.629179274,-0.615709335,B
-0.077198711,-0.753715465,-0.886863785,B
0.06727194,-0.758409568,-0.653822847,B
-0.248307228,-0.580884789,-0.883333589,B
-0.009054544,-0.81929811,-0.687334915,B
-0.017070678,-0.570102663,-0.626460866,B
-0.054172174,-0.7965976,-0.890643056,B
0.082819488,-0.835883447,-0.97002835,B
-0.203222332,-0.773005044,-0.934513129,B
-0.334641338,-0.618776521,-0.697001516,B
-0.06414557,-0.936998986,-0.575276797,B
-0.0353451,-0.901790392,-0.977501589,B
-0.112469713,-0.524277587,-0.63292437,B
-0.296591053,-0.912254186,-0.829340677,B
-0.147772029,-0.716136341,-0.760735815,B
-0.243905132,-0.710342767,-0.535570225,B
-0.186266736,-0.755187769,-0.834014248,B
-0.077390712,-0.677627376,-0.767331533,B
-0.027392629,-0.885086637,-0.993158793,B
-0.283887655,-0.723668866,-0.95920064,B
-0.19733732,-0.813913372,-0.870704204,B
-0.265419215,-0.66916637,-0.98607388,B
-0.300684193,-0.929388228,-0.684312337,B
-0.00830639,-0.714561292,-0.786800822,B
0.054626347,-0.907364822,-0.725927399,B
-0.214883907,-0.860678468,-0.912676407,B
-0.024360538,-0.8906451,-0.852033985,B
0.048497645,-0.90858111,-0.668087763,B
0.023062105,-0.587144524,-0.517348638,B
-0.308593306,-0.857146216,-0.974791613,B
0.078145941,-0.536438109,-0.55480784,B
-0.21166178,-0.515036737,-0.711559399,B
-0.230379669,-0.714369765,-0.718040217,B
-0.368784336,-0.928499439,-0.749860732,B
-0.156913173,-0.812725878,-0.965302957,B
-0.345493192,-0.601133868,-0.955061574,B
-0.27573009,-0.816304636,-0.699543997,B
-0.241528689,-0.956491391,-0.829520714,B
0.004413162,-0.721607545,-0.541365967,B
0.037744325,-0.577439574,-0.796704731,B
-0.248766841,-0.602036806,-0.928359271,B
0.029349061,-0.91243843,-0.642640583,B
0.028615469,-0.663617693,-0.853323289,B
-0.017674525,-0.889747868,-0.737264846,B
-0.326652443,-0.890896233,-0.651083607,B
-0.054838577,-0.562964113,-0.549867944,B
0.072512032,-0.875165524,-0.603904403,B
-0.058729761,-0.868376327,-0.661819466,B
-0.234191575,-0.999673305,-0.660183409,B
-0.149710341,-0.564665483,-0.527037678,B
-0.077137478,-0.603702593,-0.852087951,B
-0.144714796,-0.686335532,-0.999443953,B
-0.340023529,-0.624867118,-0.86402272,B
-0.243967978,-0.923975716,-0.89105431,B
0.001198015,-0.770838203,-0.669082707,B
0.030709023,-0.824390306,-0.6831442,B
-0.331349984,-0.953111737,-0.703269309,B
0.076193376,-0.756934757,-0.991878278,B
-0.235588691,-0.539630175,-0.635610973,B
-0.068843131,-0.97997044,-0.838234794,B
-0.024087427,-0.854269543,-0.667472005,B
0.005973117,-0.896229532,-0.721710786,B
0.072874851,-0.880926673,-0.828634537,B
-0.243540226,-0.545782724,-0.932711866,B
0.029253227,-0.765965473,-0.952790551,B
-0.334156548,-0.766850294,-0.584240833,B
-0.047479547,-0.619712179,-0.540801229,B
-0.029011135,-0.922753898,-0.675105977,B
-0.061138379,-0.756367323,-0.948282943,B
-0.273842632,-0.785007393,-0.798986392,B
0.036521574,-0.701544655,-0.6355304,B
-0.315570768,-0.500221148,-0.610089558,B
-0.373182604,-0.615275553,-0.940890689,B
-0.041267505,-0.801067148,-0.999984641,B
-0.162262142,-0.586223474,-0.643931477,B
0.02454901,-0.914645818,-0.821701912,B
-0.208301429,-0.984768157,-0.872759334,B
-0.315860706,-0.897775814,-0.993551265,B
0.018221096,-0.829794222,-0.729850297,B
-0.125545184,-0.744709621,-0.574424632,B
-0.305402104,-0.69243543,-0.521184177,B
-0.039808001,-0.544697141,-0.717127525,B
-0.144443181,-0.745072995,-0.742769336,B
-0.097843509,-0.749362178,-0.957471807,B
-0.169550831,-0.974878495,-0.725563599,B
0.014354492,-0.982544224,-0.810010461,B
0.014781358,-0.724420019,-0.69643236,B
-0.045305589,-0.780910693,-0.805636826,B
-0.347299311,-0.580409803,-0.879850438,B
0.019426931,-0.919660208,-0.952517362,B
-0.06449351,-0.987514169,-0.842540778,B
-0.051487917,-0.775480616,-0.951677583,B
-0.21850858,-0.881260722,-0.911551525,B
0.039639778,-0.975192813,-0.506331921,B
-0.0373142,-0.637700857,-0.777948222,B
-0.343704767,-0.9442035,-0.734064117,B
-0.196110983,-0.69584025,-0.563190736,B
0.043190181,-0.859475125,-0.50221555,B
-0.376401649,-0.913251975,-0.708642775,B
0.08070831,-0.810124239,-0.593763089,B
-0.060418716,-0.599277112,-0.836529488,B
-0.084312011,-0.803953212,-0.847128021,B
-0.264720372,-0.624615175,-0.79864814,B
-0.275604106,-0.937256852,-0.663746369,B
0.07102911,-0.61361429,-0.658904155,B
-0.250863773,-0.881533338,-0.842380283,B
-0.012247352,-0.661303435,-0.933395038,B
-0.203439101,-0.717109223,-0.683801872,B
-0.330372965,-0.535427641,-0.935837069,B
-0.394642351,-0.806338741,-0.710753746,B
-0.127871331,-0.966917406,-0.653288936,B
0.087889409,-0.990422257,-0.649694252,B
-0.215431903,-0.58657072,-0.623263945,B
-0.221403833,-0.737632181,-0.563570289,B
-0.227954191,-0.612377974,-0.750020504,B
-0.139728081,-0.8827872,-0.634875405,B
-0.179667558,-0.827458127,-0.690413632,B
0.039957313,-0.984948064,-0.90668003,B
-0.147239604,-0.519253838,-0.987155178,B
-0.146121081,-0.666066047,-0.857729307,B
-0.330814203,-0.533397456,-0.778483147,B
0.09136977,-0.867251796,-0.691447028,B
-0.275013555,-0.694268194,-0.575020335,B
-0.363317966,-0.660750016,-0.901877142,B
-0.068426876,-0.84122515,-0.937225105,B
-0.102316815,-0.575945382,-0.518260026,B
-0.192427173,-0.526419269,-0.94597772,B
-0.188903883,-0.557572441,-0.760754465,B
-0.007468039,-0.630466512,-0.707218136,B
-0.30214368,-0.86126766,-0.72931279,B
0.010126659,-0.859191979,-0.956983921,B
-0.075626443,-0.51831984,-0.971486543,B
-0.190515113,-0.994857752,-0.947258286,B
-0.170985692,-0.641975013,-0.707206158,B
-0.271676396,-0.646876919,-0.727827556,B
-0.023942834,-0.68865523,-0.883129604,B
-0.143562629,-0.504945577,-0.681112929,B
-0.239572729,-0.844060282,-0.589966249,B
-0.101974942,-0.830014068,-0.97921052,B
0.097867226,-0.960530299,-0.750935028,B
-0.18236886,-0.778600932,-0.655344794,B
0.0603457,-0.869475737,-0.873844036,B
-0.22749158,-0.828306649,-0.846114547,B
-0.372633647,-0.582714105,-0.693181049,B
-0.297878947,-0.532257743,-0.551032353,B
-0.190652428,-0.907133464,-0.59503779,B
-0.290182536,-0.813745534,-0.70843489,B
-0.399886481,-0.535684719,-0.634889141,B
0.057500769,-0.96909577,-0.817588765,B
0.021939706,-0.953819736,-0.679517236,B
-0.028853884,-0.918604505,-0.766909204,B
-0.316092702,-0.702393583,-0.905031932,B
-0.339818212,-0.924763864,-0.649130863,B
-0.366197625,-0.515961809,-0.721767681,B
-0.037985406,-0.776642736,-0.820689209,B
0.06440398,-0.74924102,-0.544330405,B
-0.18473209,-0.876670692,-0.989532941,B
-0.340429664,-0.764519874,-0.842113424,B
-0.14380359,-0.669043184,-0.971559301,B
-0.225584046,-0.624411432,-0.616736342,B
-0.212587538,-0.623065959,-0.648946273,B
-0.089334688,-0.711054444,-0.834323891,B
-0.040640943,-0.547820113,-0.662168549,B
-0.344698201,-0.591296076,-0.802031387,B
-0.382204885,-0.621475943,-0.621873104,B
0.097165151,-0.972197239,-0.772908169,B
-0.283635826,-0.996561019,-0.793860136,B
-0.373084738,-0.893776361,-0.532635042,B
-0.305062335,-0.668238203,-0.87456045,B
-0.380521077,-0.794401256,-0.93977633,B
-0.204094553,-0.79879687,-0.707728443,B
0.001200892,-0.557706556,-0.515339094,B
-0.229377775,-0.552218576,-0.811080393,B
-0.177908297,-0.545412368,-0.968981618,B
-0.062206613,-0.843060962,-0.830347366,B
-0.145552965,-0.654472094,-0.747034173,B
0.030722843,-0.864183409,-0.919038497,B
0.033017838,-0.904695083,-0.670948891,B
-0.395044652,-0.907683771,-0.501125305,B
-0.010976847,-0.82894619,-0.774130262,B
-0.1696332,-0.78502119,-0.822635722,B
0.094420271,-0.584525414,-0.799647917,B
-0.158383962,-0.940054453,-0.942426911,B
0.093447973,-0.632537076,-0.558363199,B
-0.022715319,-0.734272543,-0.792587172,B
-0.275697558,-0.856027329,-0.806362794,B
-0.13080251,-0.753590208,-0.670154864,B
0.09606782,-0.850028965,-0.77898329,B
0.028765304,-0.701959022,-0.675883266,B
-0.351316553,-0.783078039,-0.969276855,B
-0.046814002,-0.917797235,-0.593138328,B
-0.227210207,-0.941708463,-0.529748024,B
-0.396508869,-0.726652159,-0.675617307,B
-0.198259515,-0.548793483,-0.522717036,B
-0.282622789,-0.828021157,-0.924283843,B
0.009434635,-0.633499946,-0.761291905,B
-0.231334696,-0.670669323,-0.699096633,B
0.013761847,-0.534222543,-0.709131676,B
-0.399701031,-0.589509491,-0.79926911,B
-0.246090425,-0.716697371,-0.830957795,B
-0.279417393,-0.671484751,-0.936587989,B
-0.283216319,-0.550806767,-0.804128775,B
-0.36590669,-0.800240608,-0.918669592,B
-0.306437865,-0.836602647,-0.632817162,B
-0.122225215,-0.994594458,-0.895584532,B
-0.254319464,-0.586724463,-0.970717347,B
-0.191302609,-0.59950965,-0.723816931,B
-0.21156656,-0.947772741,-0.702385134,B
0.037952462,-0.711571309,-0.564043469,B
0.0526495,-0.768009151,-0.711509194,B
-0.153521514,-0.940645452,-0.827259573,B
-0.234922025,-0.509715886,-0.598494059,B
-0.346599648,-0.892652056,-0.729860553,B
0.07670144,-0.96638291,-0.960359858,B
-0.369886528,-0.70257631,-0.71707472,B
-0.251174861,-0.630566661,-0.545990727,B
-0.250966899,-0.983778277,-0.801843687,B
-0.239799357,-0.670641181,-0.851837099,B
-0.317856578,-0.733854062,-0.928265271,B
-0.008419285,-0.948367496,-0.924277239,B
-0.338751069,-0.913738062,-0.783614258,B
-0.08254667,-0.716012851,-0.702160088,B
-0.338076987,-0.851821193,-0.959692297,B
-0.364732181,-0.530842136,-0.530215705,B
0.054714752,-0.590629885,-0.622433191,B
-0.304935617,-0.508216397,-0.706688041,B
0.010625077,-0.870164581,-0.585780665,B
-0.127684564,-0.515138184,-0.959906622,B
-0.36107174,-0.784383065,-0.761580561,B
0.077724096,-0.826240602,-0.684953437,B
-0.276519417,-0.974825237,-0.585673547,B
0.029822673,-0.973617371,-0.60826522,B
